{"cpu_time": 62.662608, "wait_percent": 31.0735, "session_time": 66.492252, "stretch_time": 3.845987}
